[
 {
  "address": "0:c202dd4b9af103c981b880bdfc2872bd8473fc0606159278fdc40a2ae4f8d234",
  "name": "DILS COIN GENESIS",
  "websites": [
   "https://t.me/dilscoin",
   "https://x.com/DILScoin"
  ]
 },
 {
  "address": "EQAR6-Ja1DjOqsJoFzpQtEvVjwvy6-wExE0nLV5-4rPY_SKN",
  "description": "Make a new beginning with this collection of objects and pieces found on the World's map via the GLOBULA interface. The question is: what are you going to do with these?",
  "name": "GLOBULA",
  "social": [
   "https://t.me/globula_community",
   "https://twitter.com/Globula_Game",
   "https://discord.gg/rTdZxwkYHk"
  ],
  "websites": [
   "https://globula.space"
  ]
 },
 {
  "address": "0:da6b1b6663a0e4d18cc8574ccd9db5296e367dd9324706f3bbd9eb1cd2caf0bf",
  "name": "KZH"
 },
 {
  "address": "0:80d78a35f955a14b679faa887ff4cd5bfc0f43b4a4eea2a7e6927f3701b273c2",
  "name": "Telegram usernames",
  "websites": [
   "https://t.me",
   "https://telegram.org"
  ]
 },
 {
  "address": "EQD7eDxP_wLX18kr8uyYfs6srlgoNMfRbXNYM8dmMXT2vxwk",
  "name": "CALLIGRAFUTURISM \u2014 24: Units"
 },
 {
  "address": "0:192ad1dc37a9a16f385bcdc9ee8fef78af93fe859601284c10e3ff9d73ed8058",
  "description": "SpinnerCoin introduces an innovative Play-to-Earn (P2E) gaming experience leveraging the power of TON blockchain technology, combined with exclusive Non-Fungible Tokens (NFTs). Immerse yourself in a dynamic gaming universe where every spin unlocks thrilling adventures and lucrative rewards.",
  "image": "https://github.com/Spinnercoin/spinner-logos/blob/d707bc9e96668bf6683dca2fabbc7ae9975e283f/logocube4500.png?raw=true",
  "name": "Spinners",
  "social": [
   "https://t.me/SpinnerCoin",
   "https://t.me/SpinnerCoin_bot",
   "https://t.me/SpinnerCoin_chat"
  ],
  "websites": [
   "https://t.me/SpinnerCoin_bot/app"
  ]
 },
 {
  "address": "EQA-2g3g7Jj169mrA5PR49LjmIC1TIQfaGEcZ8UnDZYfsrno",
  "name": "The Gateway"
 },
 {
  "address": "EQDAicW4BJTBec7C_E1qaJDvem4BiKwmCzH9eIlvQi6DSRnb",
  "name": "Tonkeeper Adventure"
 },
 {
  "address": "0:5f4e1ae581d20d04f773562ff22e30a2a1866a73c5ce05881e3e096094b982c2",
  "description": "Exclusive NFT collectibles within Totemancer. Each totem represents a powerful asset, offering special in-game enhancements and tangible benefits.",
  "image": "https://totemancer.com/ton/tc.png",
  "name": "Totemancer",
  "social": [
   "https://t.me/TotemancerBot",
   "https://t.me/Totemancer",
   "https://t.me/Totemancer_RU",
   "https://t.me/TotemancerChat",
   "https://x.com/Totemancer",
   "https://vk.com/Totemancer"
  ],
  "websites": [
   "https://totemancer.com"
  ]
 }
]